"rule";"condition";"eval"
"Rule 1";"BUPERCTOT_2000 <= 0.00343f && Distance2Coastline > 245.422f";"add(2.7e-06f * Intercept, 1.08f * BUPERCTOT_2000)"
"Rule 10";"BUPERCTOT_2000 > 0.001527f && BUPERCTOT_2000 <= 0.0132f && Distance2Coastline > 245.422f && Distance2SecundaryRoads > 4.41123f";"add(-0.000168f * Intercept, 1.19f * BUPERCTOT_2000)"
"Rule 100";"BUPERCTOT_2000 > 0.267074f && Elevation > 361f";"add(0.0737498f * Intercept, 0.86f * BUPERCTOT_2000, -0.033f * TRI_mean, 0.0023f * ln_PopulationDensity_2000_8dir, -3e-05f * Distance2SecundaryRoads, -6e-05f * Grid_costs_atleast_to_cities, 2e-06f * Elevation, 5e-05f * Distance2LargeInlandWater, 0.0005f * slope, -7e-06f * Distance2Coastline, -0.002f * LandSlideProne_ARUP, -2e-05f * Grid_costs_atleast_to_towns, 3e-05f * Grid_costs_atleast_to_villages)"
"Rule 11";"ln_PopulationDensity_2000_8dir <= 4.184257f && Distance2SecundaryRoads <= 4.41123f && Grid_costs_atleast_to_cities > 99f && Elevation > 860f";"add(-6.79e-05f * Intercept, 1.23f * BUPERCTOT_2000)"
"Rule 12";"BUPERCTOT_2000 <= 0.0132f && ln_PopulationDensity_2000_8dir > 4.184257f && Distance2Coastline <= 189.768f && Elevation <= 1080f";"add(-0.0036596f * Intercept, 1.42f * BUPERCTOT_2000, 0.0007f * ln_PopulationDensity_2000_8dir, 1.7e-06f * Elevation)"
"Rule 13";"BUPERCTOT_2000 <= 0.0132f && Distance2SecundaryRoads <= 4.41123f && Grid_costs_atleast_to_cities <= 27f && Elevation <= 1518f";"add(3.7e-05f * Intercept, 1.31f * BUPERCTOT_2000, -8.7e-05f * Distance2SecundaryRoads, -2e-05f * Grid_costs_atleast_to_towns, 1e-06f * Elevation)"
"Rule 14";"BUPERCTOT_2000 <= 0.0132f && ln_PopulationDensity_2000_8dir > 4.184257f && Grid_costs_atleast_to_cities <= 13f && Grid_costs_atleast_to_towns <= 0f && Elevation <= 5f";"add(-0.0012774f * Intercept, 1.56f * BUPERCTOT_2000, -0.00063f * Grid_costs_atleast_to_towns, 0.0016f * ln_PopulationDensity_2000_8dir, -3.4e-05f * Distance2SecundaryRoads, -6e-05f * Grid_costs_atleast_to_cities, -0.006f * IsFloodProneArea_RP100, 6e-05f * Distance2LargeInlandWater, 2.1e-06f * Elevation, -0.006f * TRI_mean, -0.0005f * slope, 7e-06f * Distance2Coastline, -0.0002f * Earthquakes_MMI_Index)"
"Rule 15";"BUPERCTOT_2000 <= 0.0132f && ln_PopulationDensity_2000_8dir > 4.184257f && Grid_costs_atleast_to_cities > 13f && Elevation > 1080f";"add(-0.0052887f * Intercept, 1.61f * BUPERCTOT_2000, 2e-06f * Elevation, 0.0005f * ln_PopulationDensity_2000_8dir, -1.2e-05f * Distance2SecundaryRoads, 1.1e-05f * Distance2MajorRoads, -3e-05f * Grid_costs_atleast_to_towns, 0.0002f * Earthquakes_MMI_Index)"
"Rule 16";"BUPERCTOT_2000 <= 0.0132f && ln_PopulationDensity_2000_8dir > 5.494381f && Grid_costs_atleast_to_cities > 13f";"add(-0.0051573f * Intercept, 1.63f * BUPERCTOT_2000, 0.0008f * ln_PopulationDensity_2000_8dir, 1.8e-06f * Elevation, -2e-05f * Grid_costs_atleast_to_towns)"
"Rule 17";"BUPERCTOT_2000 > 0.001213f && BUPERCTOT_2000 <= 0.0132f && Distance2SecundaryRoads <= 4.41123f && Grid_costs_atleast_to_cities > 27f && Grid_costs_atleast_to_cities <= 99f && Elevation > 860f";"add(-0.0012681f * Intercept, 1.59f * BUPERCTOT_2000, -0.000117f * Distance2SecundaryRoads, 0.0005f * ln_PopulationDensity_2000_8dir)"
"Rule 18";"BUPERCTOT_2000 > 0.00343f && ln_PopulationDensity_2000_8dir <= 4.184257f && Distance2Coastline > 245.422f";"add(-0.0003341f * Intercept, 1.21f * BUPERCTOT_2000)"
"Rule 19";"BUPERCTOT_2000 <= 0.0132f && ln_PopulationDensity_2000_8dir > 4.184257f && Grid_costs_atleast_to_cities <= 13f && Grid_costs_atleast_to_towns > 1f";"add(-0.0003006f * Intercept, 1.62f * BUPERCTOT_2000, -0.00017f * Grid_costs_atleast_to_towns, -0.00022f * Grid_costs_atleast_to_villages, -7e-05f * Grid_costs_atleast_to_cities, 0.0009f * ln_PopulationDensity_2000_8dir, 3.3e-06f * Elevation, 3e-05f * Distance2LargeInlandWater, -0.003f * TRI_mean, -6e-06f * Distance2Coastline)"
"Rule 2";"BUPERCTOT_2000 > 6.5e-05f && BUPERCTOT_2000 <= 0.001213f && Distance2SecundaryRoads <= 4.41123f";"add(1.81e-05f * Intercept, 1.22f * BUPERCTOT_2000, -1.5e-05f * Distance2SecundaryRoads)"
"Rule 20";"BUPERCTOT_2000 <= 0.0132f && Distance2SecundaryRoads <= 4.41123f && Grid_costs_atleast_to_cities <= 27f && Elevation > 1518f";"add(0.0009125f * Intercept, 1.75f * BUPERCTOT_2000, -0.000345f * Distance2MajorRoads, -6e-05f * Grid_costs_atleast_to_cities, 0.0006f * ln_PopulationDensity_2000_8dir, -7e-05f * Grid_costs_atleast_to_villages)"
"Rule 21";"BUPERCTOT_2000 > 0.006583f && BUPERCTOT_2000 <= 0.0132f && ln_PopulationDensity_2000_8dir > 4.184257f && Grid_costs_atleast_to_cities > 13f && Elevation <= 1080f";"add(-0.0071506f * Intercept, 1.32f * BUPERCTOT_2000, 0.0014f * ln_PopulationDensity_2000_8dir, 1.6e-06f * Elevation, -2e-05f * Grid_costs_atleast_to_towns)"
"Rule 22";"BUPERCTOT_2000 <= 0.0132f && ln_PopulationDensity_2000_8dir > 4.184257f && Distance2Coastline <= 181.312f && Grid_costs_atleast_to_cities <= 13f && Grid_costs_atleast_to_towns > 0f && Grid_costs_atleast_to_towns <= 1f";"add(-0.0020836f * Intercept, 2.41f * BUPERCTOT_2000, -0.00095f * Grid_costs_atleast_to_towns, -0.00038f * Grid_costs_atleast_to_cities, 0.0022f * ln_PopulationDensity_2000_8dir, -0.01f * TRI_mean, 1.9e-05f * Distance2Coastline, 2.1e-06f * Elevation, -0.004f * IsFloodProneArea_RP100, 3e-05f * Distance2LargeInlandWater)"
"Rule 23";"BUPERCTOT_2000 > 0.004448f && BUPERCTOT_2000 <= 0.0132f && Distance2SecundaryRoads <= 4.41123f && Grid_costs_atleast_to_cities <= 99f && Elevation > 860f";"add(-0.004094f * Intercept, 1.5f * BUPERCTOT_2000, -0.000393f * Distance2SecundaryRoads, -0.00036f * Distance2MajorRoads, -6e-05f * Grid_costs_atleast_to_towns, 2.4e-06f * Elevation, -8e-05f * Grid_costs_atleast_to_villages, 0.0005f * slope, 0.0004f * ln_PopulationDensity_2000_8dir, 0.0003f * Earthquakes_MMI_Index, 8e-06f * Distance2Coastline, -2e-05f * Grid_costs_atleast_to_cities)"
"Rule 24";"BUPERCTOT_2000 <= 0.0132f && Distance2SecundaryRoads <= 1.60132f && Grid_costs_atleast_to_cities <= 13f && Grid_costs_atleast_to_towns <= 0f && TRI_mean > 1.01535f";"add(-0.0027491f * Intercept, 1.72f * BUPERCTOT_2000, 0.0015f * ln_PopulationDensity_2000_8dir, -3.3e-05f * Distance2SecundaryRoads, -8e-05f * Grid_costs_atleast_to_towns, -6e-05f * Grid_costs_atleast_to_cities, 7e-05f * Distance2LargeInlandWater, -8e-05f * Grid_costs_atleast_to_villages, 1.9e-06f * Elevation, -0.004f * IsFloodProneArea_RP100, -0.005f * TRI_mean, -0.0004f * slope, -0.0002f * Earthquakes_MMI_Index)"
"Rule 25";"BUPERCTOT_2000 > 0.004977f && BUPERCTOT_2000 <= 0.0132f && ln_PopulationDensity_2000_8dir > 5.494381f";"add(-0.0033371f * Intercept, 1.66f * BUPERCTOT_2000, 0.0017f * ln_PopulationDensity_2000_8dir, -7e-05f * Grid_costs_atleast_to_towns, 3.2e-06f * Elevation, -0.006f * TRI_mean, -0.003f * IsFloodProneArea_RP100, -2e-05f * Grid_costs_atleast_to_cities)"
"Rule 26";"BUPERCTOT_2000 > 0.0132f && BUPERCTOT_2000 <= 0.029087f && Grid_costs_atleast_to_cities > 47f && Elevation <= 1338f";"add(-3.83e-05f * Intercept, 1.25f * BUPERCTOT_2000, 1.1e-06f * Elevation, -3e-05f * Grid_costs_atleast_to_villages, -1e-05f * Grid_costs_atleast_to_cities)"
"Rule 27";"BUPERCTOT_2000 <= 0.0132f && ln_PopulationDensity_2000_8dir > 4.184257f && Grid_costs_atleast_to_cities <= 13f && Grid_costs_atleast_to_towns <= 1f && Elevation > 5f";"add(-0.004876f * Intercept, 1.97f * BUPERCTOT_2000, -0.00081f * Grid_costs_atleast_to_towns, -0.00014f * Distance2SecundaryRoads, 0.0046f * ln_PopulationDensity_2000_8dir, 0.00028f * Distance2LargeInlandWater, -0.017f * IsFloodProneArea_RP100, -0.0017f * slope, -0.018f * TRI_mean, 5.3e-06f * Elevation, -0.001f * Earthquakes_MMI_Index, -7e-05f * Grid_costs_atleast_to_cities, 1.3e-05f * Distance2Coastline)"
"Rule 28";"BUPERCTOT_2000 > 0.0132f && BUPERCTOT_2000 <= 0.029087f && ln_PopulationDensity_2000_8dir <= 5.391702f && Grid_costs_atleast_to_cities <= 47f";"add(-0.0005129f * Intercept, 1.28f * BUPERCTOT_2000, 4.5e-05f * Distance2SecundaryRoads, -4.3e-05f * Distance2MajorRoads, -0.00013f * Grid_costs_atleast_to_villages, 2.6e-06f * Elevation)"
"Rule 29";"BUPERCTOT_2000 > 0.0132f && BUPERCTOT_2000 <= 0.029087f && ln_PopulationDensity_2000_8dir <= 5.391702f && Grid_costs_atleast_to_cities > 47f && Elevation > 1338f";"add(0.0032282f * Intercept, 1.28f * BUPERCTOT_2000, -8e-05f * Grid_costs_atleast_to_cities, 3.1e-05f * Distance2SecundaryRoads, 3.8e-06f * Elevation, -1.9e-05f * Distance2MajorRoads, -1.4e-05f * Distance2Coastline, -4e-05f * Grid_costs_atleast_to_towns, 0.0005f * ln_PopulationDensity_2000_8dir, 0.0004f * Earthquakes_MMI_Index, -4e-05f * Grid_costs_atleast_to_villages)"
"Rule 3";"BUPERCTOT_2000 <= 0.0132f && ln_PopulationDensity_2000_8dir <= 4.184257f && Distance2Coastline <= 245.422f && Distance2SecundaryRoads > 4.41123f";"add(-1.62e-05f * Intercept, 1.17f * BUPERCTOT_2000)"
"Rule 30";"BUPERCTOT_2000 <= 0.0132f && ln_PopulationDensity_2000_8dir > 4.184257f && Distance2Coastline > 181.312f && Grid_costs_atleast_to_cities <= 13f && Grid_costs_atleast_to_towns > 0f && Grid_costs_atleast_to_towns <= 1f";"add(-0.0224984f * Intercept, 3.07f * BUPERCTOT_2000, 0.0107f * ln_PopulationDensity_2000_8dir, -0.000111f * Distance2Coastline, -0.023f * TRI_mean, 4.9e-06f * Elevation, 9e-05f * Distance2LargeInlandWater)"
"Rule 31";"BUPERCTOT_2000 <= 0.0132f && Distance2LargeInlandWater > 4.5027f && Grid_costs_atleast_to_cities <= 13f && Grid_costs_atleast_to_towns <= 0f && Elevation > 19f && Elevation <= 217f";"add(-0.0112104f * Intercept, 3.18f * BUPERCTOT_2000, -0.00164f * Grid_costs_atleast_to_towns, -0.00022f * Grid_costs_atleast_to_cities, 0.0027f * ln_PopulationDensity_2000_8dir, 6.3e-05f * Distance2Coastline, -6.5e-05f * Distance2SecundaryRoads, -5.1e-06f * Elevation, 8e-05f * Distance2LargeInlandWater, -0.009f * TRI_mean, -0.006f * IsFloodProneArea_RP100, -0.0007f * slope, -0.0004f * Earthquakes_MMI_Index)"
"Rule 32";"BUPERCTOT_2000 > 0.0132f && BUPERCTOT_2000 <= 0.055981f && Distance2SecundaryRoads <= 1.99958f && Grid_costs_atleast_to_towns > 6f && Grid_costs_atleast_to_villages > 0f && Elevation > 38f";"add(-0.0007196f * Intercept, -0.00063f * Distance2SecundaryRoads, 1.23f * BUPERCTOT_2000, 0.0005f * ln_PopulationDensity_2000_8dir, 1.3e-06f * Elevation, -4e-05f * Grid_costs_atleast_to_villages, -2e-05f * Grid_costs_atleast_to_cities, -2e-05f * Grid_costs_atleast_to_towns, 6e-06f * Distance2Coastline)"
"Rule 33";"BUPERCTOT_2000 > 0.0132f && BUPERCTOT_2000 <= 0.03137f && ln_PopulationDensity_2000_8dir > 5.391702f && Distance2LargeInlandWater <= 1.27421f && Grid_costs_atleast_to_cities <= 27f && Grid_costs_atleast_to_towns > 0f && Elevation <= 357f && slope <= 0.477871f";"add(-0.016382f * Intercept, 0.001396f * Distance2MajorRoads, 0.85f * BUPERCTOT_2000, 4.06e-05f * Elevation, -0.0088f * slope, -0.00036f * Grid_costs_atleast_to_towns, 0.0044f * ln_PopulationDensity_2000_8dir, 0.00027f * Grid_costs_atleast_to_villages, 0.0002f * Distance2LargeInlandWater, 0.00011f * Grid_costs_atleast_to_cities, -3.5e-05f * Distance2SecundaryRoads, -0.006f * IsFloodProneArea_RP100, -9e-06f * Distance2Coastline)"
"Rule 34";"BUPERCTOT_2000 > 0.0132f && BUPERCTOT_2000 <= 0.055981f && ln_PopulationDensity_2000_8dir <= 5.391702f && Distance2SecundaryRoads <= 1.99958f && Elevation <= 38f";"add(-0.0008864f * Intercept, -0.000883f * Distance2SecundaryRoads, 1.25f * BUPERCTOT_2000, -3.53e-05f * Elevation, 0.001f * ln_PopulationDensity_2000_8dir, -0.0008f * slope, -3e-05f * Grid_costs_atleast_to_towns, -0.002f * IsFloodProneArea_RP100)"
"Rule 35";"BUPERCTOT_2000 > 0.0132f && BUPERCTOT_2000 <= 0.082754f && ln_PopulationDensity_2000_8dir <= 5.391702f && Distance2SecundaryRoads <= 1.99958f && Grid_costs_atleast_to_towns <= 6f";"add(0.0008643f * Intercept, -0.001269f * Distance2SecundaryRoads, 1.25f * BUPERCTOT_2000, -0.000117f * Distance2MajorRoads, -0.00018f * Grid_costs_atleast_to_towns, -0.00031f * Grid_costs_atleast_to_villages, 4.2e-06f * Elevation, 0.0009f * ln_PopulationDensity_2000_8dir, -0.0008f * slope, -2e-05f * Grid_costs_atleast_to_cities, -0.002f * IsFloodProneArea_RP100)"
"Rule 36";"BUPERCTOT_2000 > 0.0132f && BUPERCTOT_2000 <= 0.03137f && ln_PopulationDensity_2000_8dir > 5.391702f && ln_PopulationDensity_2000_8dir <= 5.842589f && Distance2Coastline > 53.4709f && Distance2LargeInlandWater > 1.27421f && Grid_costs_atleast_to_cities <= 27f && Grid_costs_atleast_to_towns > 0f && Elevation <= 357f && slope <= 0.477871f";"add(-0.0355095f * Intercept, 0.003167f * Distance2MajorRoads, 0.89f * BUPERCTOT_2000, -0.0156f * slope, 3.64e-05f * Elevation, 0.0087f * ln_PopulationDensity_2000_8dir, -0.00057f * Grid_costs_atleast_to_towns, 0.00064f * Grid_costs_atleast_to_villages, 0.00043f * Distance2LargeInlandWater, -8.4e-05f * Distance2SecundaryRoads, 0.00019f * Grid_costs_atleast_to_cities, -3.8e-05f * Distance2Coastline, -0.01f * IsFloodProneArea_RP100)"
"Rule 37";"BUPERCTOT_2000 > 0.0132f && BUPERCTOT_2000 <= 0.043303f && ln_PopulationDensity_2000_8dir > 5.391702f && Distance2MajorRoads <= 1.23635f && Distance2SecundaryRoads <= 0.971899f && Grid_costs_atleast_to_cities > 27f && Grid_costs_atleast_to_towns > 0f && Grid_costs_atleast_to_towns <= 22f && Elevation > 36f && TRI_mean <= 1.00035f";"add(-0.0395147f * Intercept, 0.005345f * Distance2MajorRoads, -0.002688f * Distance2SecundaryRoads, 1.28f * BUPERCTOT_2000, 0.0071f * ln_PopulationDensity_2000_8dir, 0.00051f * Grid_costs_atleast_to_villages, -0.0034f * slope, -0.009f * IsFloodProneArea_RP100, 4.1e-06f * Elevation, 0.007f * LandSlideProne_ARUP, 1.2e-05f * Distance2Coastline, -2e-05f * Grid_costs_atleast_to_cities)"
"Rule 38";"BUPERCTOT_2000 <= 0.06786f && Distance2Coastline > 2.3977f && Distance2LargeInlandWater <= 1.48364f && Grid_costs_atleast_to_towns <= 0f";"add(0.0132773f * Intercept, -0.00086f * Distance2SecundaryRoads, 1.15f * BUPERCTOT_2000, 0.000277f * Distance2MajorRoads, 1.39e-05f * Elevation, -0.017f * IsFloodProneArea_RP100, 8e-06f * Distance2Coastline, 3e-05f * Distance2LargeInlandWater, -0.003f * TRI_mean, 0.0002f * ln_PopulationDensity_2000_8dir, -0.0002f * slope)"
"Rule 39";"BUPERCTOT_2000 > 0.0132f && BUPERCTOT_2000 <= 0.055981f && Distance2SecundaryRoads <= 1.99958f && Grid_costs_atleast_to_towns > 6f && Grid_costs_atleast_to_villages <= 0f";"add(0.0238144f * Intercept, -0.00328f * Distance2SecundaryRoads, 0.96f * BUPERCTOT_2000, -8e-05f * Grid_costs_atleast_to_towns, 2.2e-05f * Distance2Coastline, -0.006f * IsFloodProneArea_RP100, -0.007f * TRI_mean, 1.9e-06f * Elevation)"
"Rule 4";"BUPERCTOT_2000 > 6.5e-05f && BUPERCTOT_2000 <= 0.001213f && ln_PopulationDensity_2000_8dir > 2.20891f && ln_PopulationDensity_2000_8dir <= 4.184257f && Distance2SecundaryRoads <= 4.41123f && Grid_costs_atleast_to_cities <= 99f && Elevation > 860f";"add(-0.0008987f * Intercept, 0.96f * BUPERCTOT_2000, -2.5e-05f * Distance2SecundaryRoads, 0.0004f * ln_PopulationDensity_2000_8dir)"
"Rule 40";"BUPERCTOT_2000 <= 0.0132f && Distance2LargeInlandWater > 4.5027f && Grid_costs_atleast_to_cities <= 13f && Grid_costs_atleast_to_towns <= 0f && Elevation > 5f";"add(-0.0088058f * Intercept, 2.31f * BUPERCTOT_2000, -0.00103f * Grid_costs_atleast_to_towns, -0.00032f * Distance2SecundaryRoads, 0.0083f * ln_PopulationDensity_2000_8dir, 0.00039f * Distance2LargeInlandWater, -0.032f * TRI_mean, -0.0027f * slope, -0.016f * IsFloodProneArea_RP100, -0.0017f * Earthquakes_MMI_Index, 6e-06f * Elevation, -9e-05f * Grid_costs_atleast_to_cities, 2.5e-05f * Distance2Coastline)"
"Rule 41";"BUPERCTOT_2000 > 0.0132f && BUPERCTOT_2000 <= 0.119448f && ln_PopulationDensity_2000_8dir > 5.391702f && Distance2SecundaryRoads > 0.971899f";"add(-0.0047568f * Intercept, 1.13f * BUPERCTOT_2000, 0.0034f * ln_PopulationDensity_2000_8dir, -8e-05f * Grid_costs_atleast_to_towns, 2.9e-06f * Elevation, -1.7e-05f * Distance2SecundaryRoads, -0.0007f * slope, -0.005f * IsFloodProneArea_RP100, -3e-05f * Grid_costs_atleast_to_cities, -0.005f * TRI_mean, 0.0002f * Earthquakes_MMI_Index)"
"Rule 42";"BUPERCTOT_2000 > 0.029087f && ln_PopulationDensity_2000_8dir <= 5.391702f && Distance2SecundaryRoads > 1.99958f";"add(0.0060022f * Intercept, 1.09f * BUPERCTOT_2000, 2.3e-06f * Elevation, 0.0006f * ln_PopulationDensity_2000_8dir, -3e-05f * Grid_costs_atleast_to_cities, -3e-05f * Grid_costs_atleast_to_towns, -4e-05f * Grid_costs_atleast_to_villages, -0.0002f * slope)"
"Rule 43";"BUPERCTOT_2000 > 0.0132f && BUPERCTOT_2000 <= 0.119448f && Distance2Coastline <= 3.11305f && Distance2SecundaryRoads <= 0.971899f && Grid_costs_atleast_to_towns > 0f && Elevation <= 36f && TRI_mean <= 1.00035f";"add(0.0038171f * Intercept, 0.001646f * Distance2MajorRoads, 0.001385f * Distance2Coastline, -0.000632f * Distance2SecundaryRoads, 1.12f * BUPERCTOT_2000, -7.21e-05f * Elevation, -0.0045f * slope, -0.009f * IsFloodProneArea_RP100, 0.0005f * ln_PopulationDensity_2000_8dir, 3e-05f * Grid_costs_atleast_to_cities, -0.004f * IsProtectedArea, 3e-05f * Distance2LargeInlandWater, -2e-05f * Grid_costs_atleast_to_towns)"
"Rule 44";"BUPERCTOT_2000 > 0.0132f && BUPERCTOT_2000 <= 0.119448f && ln_PopulationDensity_2000_8dir > 5.391702f && Distance2SecundaryRoads <= 0.971899f && Grid_costs_atleast_to_towns > 0f && TRI_mean > 1.00035f";"add(-0.0059795f * Intercept, 1.14f * BUPERCTOT_2000, -0.000259f * Distance2SecundaryRoads, 0.0035f * ln_PopulationDensity_2000_8dir, 3.2e-05f * Distance2MajorRoads, -0.01f * TRI_mean, 0.0007f * Earthquakes_MMI_Index, -5e-05f * Grid_costs_atleast_to_towns, 2.2e-06f * Elevation, 1e-05f * Distance2Coastline, -0.0003f * slope, -1e-05f * Grid_costs_atleast_to_cities)"
"Rule 45";"BUPERCTOT_2000 > 0.0132f && BUPERCTOT_2000 <= 0.119448f && ln_PopulationDensity_2000_8dir > 5.391702f && Distance2Coastline <= 2.3977f";"add(0.0166095f * Intercept, 0.002248f * Distance2Coastline, 1.06f * BUPERCTOT_2000, -3.78e-05f * Elevation, 0.002f * slope, -0.011f * IsFloodProneArea_RP100, 0.0008f * Earthquakes_MMI_Index, -1.8e-05f * Distance2SecundaryRoads, -0.006f * TRI_mean, 4e-05f * Distance2LargeInlandWater, -2e-05f * Grid_costs_atleast_to_cities, -0.002f * LandSlideProne_ARUP)"
"Rule 46";"BUPERCTOT_2000 > 0.0132f && BUPERCTOT_2000 <= 0.03137f && ln_PopulationDensity_2000_8dir > 5.842589f && Distance2Coastline > 53.4709f && Distance2LargeInlandWater > 1.27421f && Grid_costs_atleast_to_cities <= 27f && Grid_costs_atleast_to_towns > 0f && Elevation <= 357f && slope <= 0.477871f";"add(-0.1364975f * Intercept, 0.011483f * Distance2MajorRoads, 0.0279f * ln_PopulationDensity_2000_8dir, 0.00359f * Grid_costs_atleast_to_villages, 8.31e-05f * Elevation, -0.00144f * Grid_costs_atleast_to_towns, 0.00048f * Distance2LargeInlandWater, -0.000101f * Distance2Coastline, -0.0029f * slope, 0.13f * BUPERCTOT_2000, -0.003f * IsFloodProneArea_RP100, -0.0003f * Earthquakes_MMI_Index)"
"Rule 47";"BUPERCTOT_2000 > 0.0132f && BUPERCTOT_2000 <= 0.119448f && ln_PopulationDensity_2000_8dir > 5.391702f && Distance2Coastline > 247.027f && Grid_costs_atleast_to_cities <= 27f && Grid_costs_atleast_to_towns > 0f && Elevation > 357f && TRI_mean > 1.03958f";"add(0.0452963f * Intercept, 0.00091f * Distance2MajorRoads, 1.08f * BUPERCTOT_2000, 0.00055f * Grid_costs_atleast_to_villages, -0.027f * TRI_mean, -0.00014f * Grid_costs_atleast_to_cities, -0.00014f * Grid_costs_atleast_to_towns, 0.0017f * ln_PopulationDensity_2000_8dir, -0.005f * IsFloodProneArea_RP100, -0.0005f * slope, -1.6e-06f * Elevation, -2e-05f * Distance2LargeInlandWater)"
"Rule 48";"BUPERCTOT_2000 > 0.0132f && BUPERCTOT_2000 <= 0.119448f && ln_PopulationDensity_2000_8dir > 5.391702f && Grid_costs_atleast_to_cities <= 27f && Grid_costs_atleast_to_towns > 0f && Elevation <= 357f && slope > 0.477871f";"add(-0.0029268f * Intercept, 1.09f * BUPERCTOT_2000, -0.00044f * Grid_costs_atleast_to_towns, 1.64e-05f * Elevation, 0.0032f * ln_PopulationDensity_2000_8dir, -0.0018f * slope, 0.00015f * Distance2LargeInlandWater, -0.00017f * Grid_costs_atleast_to_villages, 0.0008f * Earthquakes_MMI_Index, -0.007f * IsFloodProneArea_RP100, 2e-05f * Distance2Coastline, -0.009f * TRI_mean, 2e-05f * Grid_costs_atleast_to_cities)"
"Rule 49";"BUPERCTOT_2000 > 0.0132f && BUPERCTOT_2000 <= 0.119448f && ln_PopulationDensity_2000_8dir > 5.391702f && Distance2SecundaryRoads <= 0.971899f && Grid_costs_atleast_to_towns > 22f && Elevation > 36f && TRI_mean <= 1.00035f";"add(0.0084323f * Intercept, 1.17f * BUPERCTOT_2000, -0.000412f * Distance2SecundaryRoads, 0.00019f * Distance2MajorRoads, 0.0023f * ln_PopulationDensity_2000_8dir, -0.0018f * slope, -0.0001f * Grid_costs_atleast_to_cities, 5e-06f * Elevation, -2.6e-05f * Distance2Coastline, -7e-05f * Grid_costs_atleast_to_towns, 8e-05f * Grid_costs_atleast_to_villages, -3e-05f * Distance2LargeInlandWater)"
"Rule 5";"BUPERCTOT_2000 <= 0.006583f && ln_PopulationDensity_2000_8dir > 4.184257f && Distance2SecundaryRoads > 2.04813f && Grid_costs_atleast_to_cities > 13f && Elevation <= 1080f";"add(-0.0015876f * Intercept, 1.29f * BUPERCTOT_2000, 0.0003f * ln_PopulationDensity_2000_8dir)"
"Rule 50";"BUPERCTOT_2000 > 0.0132f && BUPERCTOT_2000 <= 0.119448f && Distance2Coastline <= 65.6127f && Distance2SecundaryRoads <= 0.971899f && Grid_costs_atleast_to_cities > 27f && Elevation > 5f && Elevation <= 36f && slope <= 0.150381f";"add(-0.0041407f * Intercept, -0.007449f * Distance2SecundaryRoads, 0.001796f * Distance2MajorRoads, -0.0338f * slope, 8.65e-05f * Elevation, 1.06f * BUPERCTOT_2000, 0.0038f * ln_PopulationDensity_2000_8dir, -9.1e-05f * Distance2Coastline, 0.00037f * Grid_costs_atleast_to_villages, -0.00015f * Grid_costs_atleast_to_towns, 0.00011f * Grid_costs_atleast_to_cities, -0.0007f * Earthquakes_MMI_Index, -0.006f * IsFloodProneArea_RP100, -2e-05f * Distance2LargeInlandWater)"
"Rule 51";"BUPERCTOT_2000 > 0.0132f && BUPERCTOT_2000 <= 0.119448f && ln_PopulationDensity_2000_8dir > 5.391702f && Distance2MajorRoads > 1.23635f && Distance2SecundaryRoads <= 0.971899f && Grid_costs_atleast_to_cities > 27f && Grid_costs_atleast_to_towns > 0f && Grid_costs_atleast_to_towns <= 22f && Elevation > 36f && TRI_mean <= 1.00035f";"add(-0.0403913f * Intercept, -0.007017f * Distance2SecundaryRoads, 1.08f * BUPERCTOT_2000, 0.0092f * ln_PopulationDensity_2000_8dir, -0.0029f * slope, 0.019f * LandSlideProne_ARUP, 0.00034f * Grid_costs_atleast_to_villages, -0.00019f * Grid_costs_atleast_to_towns, 6.6e-06f * Elevation, 3.5e-05f * Distance2Coastline, -0.007f * IsFloodProneArea_RP100, -3e-05f * Grid_costs_atleast_to_cities)"
"Rule 52";"BUPERCTOT_2000 > 0.0132f && BUPERCTOT_2000 <= 0.06786f && ln_PopulationDensity_2000_8dir > 5.391702f && Distance2Coastline > 2.3977f && Distance2SecundaryRoads > 0.737301f && Grid_costs_atleast_to_towns <= 0f";"add(0.036101f * Intercept, 0.83f * BUPERCTOT_2000, 0.0045f * ln_PopulationDensity_2000_8dir, 8.7e-05f * Distance2Coastline, -0.029f * IsFloodProneArea_RP100, -0.00019f * Grid_costs_atleast_to_cities, -0.029f * TRI_mean, 0.0002f * Distance2LargeInlandWater, 7.7e-06f * Elevation, -0.013f * LandSlideProne_ARUP, -3.4e-05f * Distance2SecundaryRoads, -0.0008f * Earthquakes_MMI_Index, -0.0004f * slope)"
"Rule 53";"BUPERCTOT_2000 > 0.0132f && BUPERCTOT_2000 <= 0.119448f && ln_PopulationDensity_2000_8dir > 5.391702f && Distance2Coastline > 65.6127f && Distance2SecundaryRoads <= 0.971899f && Grid_costs_atleast_to_cities > 50f && Grid_costs_atleast_to_towns <= 43f && Elevation <= 36f && Earthquakes_MMI_Index <= 5f";"add(0.0019405f * Intercept, -0.005665f * Distance2SecundaryRoads, -0.0001412f * Elevation, 1.14f * BUPERCTOT_2000, -0.0117f * slope, 0.006f * ln_PopulationDensity_2000_8dir, -5.9e-05f * Distance2Coastline, -0.0016f * Earthquakes_MMI_Index, -0.00012f * Grid_costs_atleast_to_cities, -0.00013f * Grid_costs_atleast_to_towns, -0.003f * IsFloodProneArea_RP100)"
"Rule 54";"BUPERCTOT_2000 > 0.0132f && BUPERCTOT_2000 <= 0.119448f && ln_PopulationDensity_2000_8dir > 5.391702f && Distance2Coastline > 3.11305f && Distance2Coastline <= 65.6127f && Distance2SecundaryRoads <= 0.971899f && Elevation <= 36f && slope > 0.150381f && TRI_mean <= 1.00035f";"add(0.0022455f * Intercept, 0.00132f * Distance2MajorRoads, -0.000728f * Distance2SecundaryRoads, 1.17f * BUPERCTOT_2000, 0.000132f * Distance2Coastline, -0.0052f * slope, 5.9e-06f * Elevation, -0.0001f * Grid_costs_atleast_to_towns, 5e-05f * Grid_costs_atleast_to_cities, -0.0006f * Earthquakes_MMI_Index, -6e-05f * Distance2LargeInlandWater, 0.0004f * ln_PopulationDensity_2000_8dir, 4e-05f * Grid_costs_atleast_to_villages)"
"Rule 55";"BUPERCTOT_2000 > 0.0132f && BUPERCTOT_2000 <= 0.119448f && ln_PopulationDensity_2000_8dir > 5.391702f && Distance2Coastline <= 53.4709f && Grid_costs_atleast_to_cities <= 27f && Grid_costs_atleast_to_towns > 0f && slope <= 0.0933553f";"add(0.0208484f * Intercept, 0.00047f * Distance2Coastline, 1f * BUPERCTOT_2000, -0.00078f * Grid_costs_atleast_to_towns, -0.0026f * Earthquakes_MMI_Index, -0.011f * IsFloodProneArea_RP100, -0.0004f * slope)"
"Rule 56";"BUPERCTOT_2000 > 0.0132f && BUPERCTOT_2000 <= 0.119448f && ln_PopulationDensity_2000_8dir > 5.391702f && Distance2Coastline <= 247.027f && Grid_costs_atleast_to_cities <= 27f && Elevation > 357f";"add(0.0020011f * Intercept, 1.06f * BUPERCTOT_2000, -0.00058f * Grid_costs_atleast_to_cities, 0.0043f * ln_PopulationDensity_2000_8dir, 8.3e-05f * Distance2Coastline, -6.1e-06f * Elevation, 0.001f * Earthquakes_MMI_Index, -0.007f * IsFloodProneArea_RP100, -0.005f * LandSlideProne_ARUP, -0.006f * TRI_mean, -0.0005f * slope)"
"Rule 57";"BUPERCTOT_2000 > 0.0132f && BUPERCTOT_2000 <= 0.119448f && ln_PopulationDensity_2000_8dir > 5.391702f && Distance2Coastline > 3.11305f && Distance2SecundaryRoads <= 0.971899f && Grid_costs_atleast_to_cities > 27f && Elevation <= 5f && slope <= 0.150381f";"add(0.0041978f * Intercept, 0.0016718f * Elevation, -0.1026f * slope, -0.002461f * Distance2SecundaryRoads, 1.08f * BUPERCTOT_2000, -7.8e-05f * Distance2Coastline, 0.002f * ln_PopulationDensity_2000_8dir, -0.012f * IsFloodProneArea_RP100, 0.00018f * Grid_costs_atleast_to_villages, 6e-05f * Grid_costs_atleast_to_cities, -6e-05f * Grid_costs_atleast_to_towns, -0.0005f * Earthquakes_MMI_Index)"
"Rule 58";"BUPERCTOT_2000 > 0.0132f && BUPERCTOT_2000 <= 0.119448f && ln_PopulationDensity_2000_8dir > 5.391702f && Grid_costs_atleast_to_cities <= 27f && Grid_costs_atleast_to_towns > 0f && Elevation <= 357f && slope > 0.0933553f && slope <= 0.477871f";"add(-0.0105868f * Intercept, 1.07f * BUPERCTOT_2000, -0.00067f * Grid_costs_atleast_to_towns, -0.0071f * slope, 0.0035f * ln_PopulationDensity_2000_8dir, -6.8e-05f * Distance2MajorRoads, 5.4e-05f * Distance2SecundaryRoads, 6.2e-06f * Elevation, 3.6e-05f * Distance2Coastline, 9e-05f * Grid_costs_atleast_to_cities, 0.00013f * Distance2LargeInlandWater, -0.008f * IsFloodProneArea_RP100, 0.0003f * Earthquakes_MMI_Index)"
"Rule 59";"BUPERCTOT_2000 > 0.0132f && BUPERCTOT_2000 <= 0.119448f && ln_PopulationDensity_2000_8dir > 5.391702f && Grid_costs_atleast_to_cities <= 27f && Elevation > 357f && IsFloodProneArea_RP100 > 0f";"add(-0.0045844f * Intercept, 1.07f * BUPERCTOT_2000, 0.000417f * Distance2MajorRoads, 0.0051f * ln_PopulationDensity_2000_8dir, -0.00026f * Grid_costs_atleast_to_towns, -0.00013f * Grid_costs_atleast_to_cities, 0.00022f * Grid_costs_atleast_to_villages, -0.0015f * slope, -0.01f * IsFloodProneArea_RP100, 2.9e-05f * Distance2Coastline, -1.8e-05f * Distance2SecundaryRoads, -0.006f * TRI_mean, 4e-05f * Distance2LargeInlandWater, 0.0003f * Earthquakes_MMI_Index, 9e-07f * Elevation)"
"Rule 6";"BUPERCTOT_2000 <= 0.0132f";"add(-2.97e-05f * Intercept, 1.18f * BUPERCTOT_2000)"
"Rule 60";"BUPERCTOT_2000 > 0.0132f && ln_PopulationDensity_2000_8dir > 5.391702f && ln_PopulationDensity_2000_8dir <= 5.885134f && Distance2Coastline > 247.027f && Grid_costs_atleast_to_cities <= 27f && Grid_costs_atleast_to_towns > 0f && Elevation > 357f";"add(0.0129264f * Intercept, 0.001175f * Distance2MajorRoads, 1.06f * BUPERCTOT_2000, 0.00093f * Grid_costs_atleast_to_villages, -0.00049f * Grid_costs_atleast_to_towns, 0.0053f * ln_PopulationDensity_2000_8dir, -0.00032f * Grid_costs_atleast_to_cities, -0.01f * IsFloodProneArea_RP100, -0.014f * TRI_mean, -0.001f * slope, -3.2e-06f * Elevation, 2e-05f * Distance2Coastline, -5e-05f * Distance2LargeInlandWater, -1.3e-05f * Distance2SecundaryRoads)"
"Rule 61";"BUPERCTOT_2000 > 0.0132f && BUPERCTOT_2000 <= 0.119448f && ln_PopulationDensity_2000_8dir > 5.391702f && Distance2Coastline > 247.027f && Distance2LargeInlandWater <= 24.433f && Distance2MajorRoads > 1.89483f && Grid_costs_atleast_to_cities <= 27f && Grid_costs_atleast_to_towns > 0f && Elevation > 357f";"add(-0.071491f * Intercept, 0.009621f * Distance2MajorRoads, -0.00279f * Grid_costs_atleast_to_towns, 0.0184f * ln_PopulationDensity_2000_8dir, 0.95f * BUPERCTOT_2000, 0.001f * Grid_costs_atleast_to_cities, -0.000204f * Distance2SecundaryRoads, -0.0055f * slope, 0.00023f * Grid_costs_atleast_to_villages, -2.9e-06f * Elevation, -0.008f * TRI_mean, -0.005f * IsFloodProneArea_RP100, 0.0003f * Earthquakes_MMI_Index)"
"Rule 62";"BUPERCTOT_2000 <= 0.119448f && ln_PopulationDensity_2000_8dir > 5.391702f && Distance2Coastline > 247.027f && Distance2MajorRoads <= 1.89483f && Grid_costs_atleast_to_cities <= 27f && Grid_costs_atleast_to_towns > 0f && Elevation > 357f && Elevation <= 477f";"add(-0.2669796f * Intercept, 0.0002788f * Elevation, 0.0339f * ln_PopulationDensity_2000_8dir, -0.0298f * slope, 0.83f * BUPERCTOT_2000, 0.00135f * Distance2LargeInlandWater, 0.000251f * Distance2MajorRoads, -3e-05f * Grid_costs_atleast_to_towns, 5e-05f * Grid_costs_atleast_to_villages, -1e-05f * Distance2SecundaryRoads, -2e-05f * Grid_costs_atleast_to_cities)"
"Rule 63";"BUPERCTOT_2000 <= 0.0132f && Distance2LargeInlandWater > 4.5027f && Grid_costs_atleast_to_cities <= 13f && Grid_costs_atleast_to_towns <= 0f && Elevation > 217f && TRI_mean <= 1.01535f";"add(-0.112036f * Intercept, 0.00355f * Grid_costs_atleast_to_cities, 0.0281f * ln_PopulationDensity_2000_8dir, 0.83f * BUPERCTOT_2000, -0.000179f * Distance2SecundaryRoads, 0.00034f * Distance2LargeInlandWater, -0.0032f * slope, -0.0018f * Earthquakes_MMI_Index, -0.021f * TRI_mean, -0.014f * IsFloodProneArea_RP100, 3e-05f * Distance2Coastline, 3.9e-06f * Elevation)"
"Rule 64";"BUPERCTOT_2000 > 0.0132f && BUPERCTOT_2000 <= 0.119448f && ln_PopulationDensity_2000_8dir > 5.391702f && Distance2Coastline <= 16.8278f && Distance2SecundaryRoads <= 0.971899f && Elevation > 5f && Elevation <= 36f && slope <= 0.150381f && TRI_mean <= 1.00035f";"add(-0.0633716f * Intercept, -0.0011431f * Elevation, -0.1174f * slope, 0.00101f * Distance2Coastline, 0.019f * ln_PopulationDensity_2000_8dir, -0.000465f * Distance2SecundaryRoads, 0.88f * BUPERCTOT_2000, 0.00162f * Grid_costs_atleast_to_villages, -0.0037f * Earthquakes_MMI_Index, 5.8e-05f * Distance2MajorRoads)"
"Rule 65";"BUPERCTOT_2000 > 0.03137f && BUPERCTOT_2000 <= 0.119448f && ln_PopulationDensity_2000_8dir > 5.391702f && Distance2Coastline > 53.4709f && Grid_costs_atleast_to_cities <= 27f && Grid_costs_atleast_to_towns > 0f && Elevation <= 357f && slope <= 0.477871f";"add(-0.0206198f * Intercept, 0.003207f * Distance2MajorRoads, 0.97f * BUPERCTOT_2000, -0.00073f * Grid_costs_atleast_to_towns, -0.0094f * slope, 0.00094f * Grid_costs_atleast_to_villages, 0.0069f * ln_PopulationDensity_2000_8dir, 2.29e-05f * Elevation, 0.00046f * Distance2LargeInlandWater, 0.00028f * Grid_costs_atleast_to_cities, -6.6e-05f * Distance2SecundaryRoads, -0.011f * IsFloodProneArea_RP100, -2.8e-05f * Distance2Coastline)"
"Rule 66";"BUPERCTOT_2000 > 0.043303f && BUPERCTOT_2000 <= 0.119448f && ln_PopulationDensity_2000_8dir > 5.391702f && Distance2SecundaryRoads <= 0.971899f && Grid_costs_atleast_to_cities > 27f && Grid_costs_atleast_to_towns > 0f && Grid_costs_atleast_to_towns <= 22f && Elevation > 36f && TRI_mean <= 1.00035f";"add(-0.0025873f * Intercept, -0.003551f * Distance2SecundaryRoads, 0.002297f * Distance2MajorRoads, 1.07f * BUPERCTOT_2000, 0.0036f * ln_PopulationDensity_2000_8dir, 0.00046f * Grid_costs_atleast_to_villages, -0.0022f * slope, 5.2e-06f * Elevation, -8e-05f * Grid_costs_atleast_to_towns, -0.008f * IsFloodProneArea_RP100, 0.002f * LandSlideProne_ARUP, -0.003f * TRI_mean)"
"Rule 67";"BUPERCTOT_2000 > 0.0132f && BUPERCTOT_2000 <= 0.119448f && ln_PopulationDensity_2000_8dir > 5.885134f && Distance2Coastline > 247.027f && Grid_costs_atleast_to_cities <= 27f && Grid_costs_atleast_to_towns > 0f && Elevation > 1337f && TRI_mean <= 1.03958f && IsFloodProneArea_RP100 <= 0f";"add(-0.0042448f * Intercept, -0.00355f * Distance2SecundaryRoads, 0.001618f * Distance2MajorRoads, 0.00279f * Grid_costs_atleast_to_villages, 0.96f * BUPERCTOT_2000, -0.00099f * Grid_costs_atleast_to_cities, 0.0123f * ln_PopulationDensity_2000_8dir, -1.13e-05f * Elevation, -0.00021f * Grid_costs_atleast_to_towns, -0.0024f * slope, -0.0006f * Earthquakes_MMI_Index, -4e-05f * Distance2LargeInlandWater)"
"Rule 68";"BUPERCTOT_2000 <= 0.0132f && Distance2LargeInlandWater > 4.5027f && Distance2SecundaryRoads <= 1.60132f && Grid_costs_atleast_to_cities <= 13f && Grid_costs_atleast_to_towns <= 0f && Elevation > 5f && Elevation <= 19f && TRI_mean <= 1.01535f";"add(-0.0708757f * Intercept, -3.63f * BUPERCTOT_2000, -0.0001151f * Elevation, 0.0225f * ln_PopulationDensity_2000_8dir, -0.00129f * Grid_costs_atleast_to_cities, -0.0018f * Earthquakes_MMI_Index)"
"Rule 69";"BUPERCTOT_2000 > 0.0132f && BUPERCTOT_2000 <= 0.119448f && Distance2Coastline > 2.3977f && Distance2LargeInlandWater > 1.48364f && Distance2SecundaryRoads <= 0.737301f && Grid_costs_atleast_to_towns <= 0f && TRI_mean > 1.01274f";"add(0.0629016f * Intercept, -0.002322f * Distance2SecundaryRoads, 0.000537f * Distance2MajorRoads, 0.86f * BUPERCTOT_2000, 0.000132f * Distance2Coastline, -0.00021f * Grid_costs_atleast_to_cities, -0.034f * TRI_mean, 0.0001f * Distance2LargeInlandWater, 0.0004f * ln_PopulationDensity_2000_8dir, -0.003f * IsFloodProneArea_RP100, -0.002f * LandSlideProne_ARUP)"
"Rule 7";"BUPERCTOT_2000 > 0.000772f && BUPERCTOT_2000 <= 0.0132f && ln_PopulationDensity_2000_8dir <= 4.184257f && Distance2SecundaryRoads > 4.41123f";"add(-5.67e-05f * Intercept, 1.15f * BUPERCTOT_2000)"
"Rule 70";"BUPERCTOT_2000 > 0.0132f && Distance2Coastline > 65.6127f && Distance2SecundaryRoads <= 0.971899f && Grid_costs_atleast_to_cities > 27f && Grid_costs_atleast_to_cities <= 50f && Elevation <= 36f && TRI_mean <= 1.00035f && Earthquakes_MMI_Index <= 5f";"add(0.0212071f * Intercept, 0.0015882f * Elevation, 0.00345f * Grid_costs_atleast_to_villages, -0.0016f * Grid_costs_atleast_to_towns, 1.08f * BUPERCTOT_2000, -0.00069f * Grid_costs_atleast_to_cities, -0.000136f * Distance2SecundaryRoads, -0.0031f * slope, 0.0012f * ln_PopulationDensity_2000_8dir, -0.0005f * Earthquakes_MMI_Index, -1e-05f * Distance2Coastline)"
"Rule 71";"BUPERCTOT_2000 > 0.0132f && BUPERCTOT_2000 <= 0.119448f && Distance2Coastline > 2.3977f && Distance2Coastline <= 76.4531f && Distance2LargeInlandWater > 1.48364f && Distance2SecundaryRoads <= 0.737301f && Grid_costs_atleast_to_towns <= 0f && Elevation <= 303f && slope > 0.157308f && TRI_mean <= 1.01274f";"add(0.0215723f * Intercept, -0.041165f * Distance2SecundaryRoads, 0.000541f * Distance2MajorRoads, 0.93f * BUPERCTOT_2000, 5.25e-05f * Elevation, 0.0121f * slope, 0.0011f * Earthquakes_MMI_Index, 2.7e-05f * Distance2Coastline, -5e-05f * Grid_costs_atleast_to_cities, 4e-05f * Distance2LargeInlandWater, -0.004f * TRI_mean, 0.0003f * ln_PopulationDensity_2000_8dir)"
"Rule 72";"BUPERCTOT_2000 > 0.055981f && Distance2SecundaryRoads <= 1.99958f && Grid_costs_atleast_to_towns > 6f";"add(0.0272929f * Intercept, -0.003144f * Distance2SecundaryRoads, 1.03f * BUPERCTOT_2000, -0.011f * TRI_mean, 2.9e-06f * Elevation, 0.0007f * ln_PopulationDensity_2000_8dir, -8e-05f * Grid_costs_atleast_to_villages, -0.004f * IsFloodProneArea_RP100, -3e-05f * Grid_costs_atleast_to_cities, -2e-05f * Grid_costs_atleast_to_towns)"
"Rule 73";"BUPERCTOT_2000 > 0.0132f && BUPERCTOT_2000 <= 0.06786f && Distance2Coastline > 76.4531f && Distance2LargeInlandWater > 1.48364f && Distance2SecundaryRoads <= 0.737301f && Grid_costs_atleast_to_cities > 8f && Grid_costs_atleast_to_towns <= 0f && Elevation <= 303f";"add(-0.0426021f * Intercept, -0.030506f * Distance2SecundaryRoads, 0.015439f * Distance2MajorRoads, 0.0279f * ln_PopulationDensity_2000_8dir, -7.85e-05f * Elevation, -0.0045f * Earthquakes_MMI_Index, -0.00033f * Grid_costs_atleast_to_cities, 8e-05f * Distance2LargeInlandWater, -1.7e-05f * Distance2Coastline, 0.03f * BUPERCTOT_2000)"
"Rule 74";"BUPERCTOT_2000 > 0.0132f && ln_PopulationDensity_2000_8dir > 5.391702f && Distance2Coastline > 65.6127f && Distance2SecundaryRoads <= 0.971899f && Grid_costs_atleast_to_towns > 43f && Elevation <= 36f";"add(-0.3431317f * Intercept, 0.1062f * ln_PopulationDensity_2000_8dir, -0.00143f * Grid_costs_atleast_to_cities, -0.000412f * Distance2Coastline, -0.00142f * Distance2LargeInlandWater, -0.000233f * Distance2SecundaryRoads, 0.48f * BUPERCTOT_2000, 5.1e-06f * Elevation, -0.0005f * slope)"
"Rule 75";"BUPERCTOT_2000 > 0.06786f && BUPERCTOT_2000 <= 0.119448f && ln_PopulationDensity_2000_8dir > 5.391702f && Distance2Coastline > 2.3977f && Grid_costs_atleast_to_cities > 3f && Grid_costs_atleast_to_towns <= 0f";"add(0.0393382f * Intercept, 0.85f * BUPERCTOT_2000, -0.000115f * Distance2SecundaryRoads, 0.0036f * ln_PopulationDensity_2000_8dir, -0.0024f * slope, 0.00018f * Distance2LargeInlandWater, -0.014f * IsFloodProneArea_RP100, -0.019f * TRI_mean, 5e-06f * Elevation, -0.006f * LandSlideProne_ARUP, 1.8e-05f * Distance2Coastline, -3e-05f * Grid_costs_atleast_to_cities)"
"Rule 76";"BUPERCTOT_2000 > 0.0132f && BUPERCTOT_2000 <= 0.119448f && Distance2Coastline > 2.3977f && Distance2Coastline <= 76.4531f && Distance2LargeInlandWater > 1.48364f && Distance2SecundaryRoads <= 0.737301f && Grid_costs_atleast_to_towns <= 0f && slope <= 0.157308f && TRI_mean <= 1.01274f";"add(0.0875145f * Intercept, -0.062816f * Distance2SecundaryRoads, 0.000464f * Distance2Coastline, 0.000416f * Distance2MajorRoads, 0.66f * BUPERCTOT_2000, -0.00085f * Distance2LargeInlandWater, -0.00039f * Grid_costs_atleast_to_cities, -0.005f * IsFloodProneArea_RP100, -0.007f * TRI_mean, 0.0005f * ln_PopulationDensity_2000_8dir, -0.0004f * slope, -0.002f * LandSlideProne_ARUP)"
"Rule 77";"BUPERCTOT_2000 > 0.0132f && BUPERCTOT_2000 <= 0.06786f && ln_PopulationDensity_2000_8dir > 5.391702f && Distance2Coastline > 76.4531f && Distance2LargeInlandWater > 1.48364f && Distance2SecundaryRoads <= 0.737301f && Grid_costs_atleast_to_cities <= 8f && Grid_costs_atleast_to_towns <= 0f && Elevation <= 303f";"add(-0.1996077f * Intercept, 0.00794f * Grid_costs_atleast_to_cities, 0.0486f * ln_PopulationDensity_2000_8dir, 0.001092f * Distance2MajorRoads, 0.00208f * Distance2LargeInlandWater, -0.51f * BUPERCTOT_2000, -0.000219f * Distance2Coastline)"
"Rule 78";"BUPERCTOT_2000 > 0.06786f && BUPERCTOT_2000 <= 0.119448f && Distance2Coastline > 2.3977f && Grid_costs_atleast_to_cities <= 3f && Grid_costs_atleast_to_towns <= 0f";"add(0.0381343f * Intercept, 0.77f * BUPERCTOT_2000, 0.0101f * ln_PopulationDensity_2000_8dir, 0.00059f * Distance2LargeInlandWater, -0.068f * TRI_mean, 1.25e-05f * Elevation, -0.021f * LandSlideProne_ARUP, -0.017f * IsFloodProneArea_RP100, 0.001f * Earthquakes_MMI_Index, -1.5e-05f * Distance2SecundaryRoads, 6e-06f * Distance2Coastline)"
"Rule 79";"BUPERCTOT_2000 > 0.082754f && ln_PopulationDensity_2000_8dir <= 5.391702f && Distance2SecundaryRoads <= 1.99958f";"add(0.0207643f * Intercept, -0.002002f * Distance2SecundaryRoads, 0.97f * BUPERCTOT_2000, -0.0013f * slope, 0.0011f * ln_PopulationDensity_2000_8dir, -6e-05f * Grid_costs_atleast_to_cities, 8e-05f * Distance2LargeInlandWater, 3.1e-06f * Elevation, 1.6e-05f * Distance2Coastline)"
"Rule 8";"BUPERCTOT_2000 <= 6.5e-05f";"add(0.0014465f * Intercept, -0.000422f * Distance2SecundaryRoads, 2.2e-06f * Elevation, -3e-05f * Distance2LargeInlandWater, -2e-05f * Grid_costs_atleast_to_cities, 0.0002f * Earthquakes_MMI_Index)"
"Rule 80";"BUPERCTOT_2000 > 0.0132f && BUPERCTOT_2000 <= 0.06786f && Distance2LargeInlandWater > 1.48364f && Distance2SecundaryRoads <= 0.737301f && Grid_costs_atleast_to_cities > 8f && Grid_costs_atleast_to_towns <= 0f && Elevation > 303f && TRI_mean <= 1.01274f && Earthquakes_MMI_Index > 5f";"add(-0.1287431f * Intercept, 0.002316f * Distance2MajorRoads, 0.0463f * Earthquakes_MMI_Index, -0.94f * BUPERCTOT_2000, -0.00094f * Distance2LargeInlandWater, 0.0042f * ln_PopulationDensity_2000_8dir, 7.1e-05f * Distance2Coastline, -0.00012f * Grid_costs_atleast_to_cities, -4.3e-06f * Elevation)"
"Rule 81";"BUPERCTOT_2000 > 0.0132f && ln_PopulationDensity_2000_8dir > 5.391702f && Distance2Coastline > 247.027f && Distance2LargeInlandWater > 24.433f && Distance2MajorRoads > 1.89483f && Grid_costs_atleast_to_cities <= 27f && Grid_costs_atleast_to_towns > 0f && Elevation > 357f";"add(-0.1704153f * Intercept, 0.01413f * Distance2MajorRoads, -0.0047f * Grid_costs_atleast_to_towns, 0.0478f * ln_PopulationDensity_2000_8dir, 0.98f * BUPERCTOT_2000, -0.00121f * Distance2LargeInlandWater, -0.000187f * Distance2SecundaryRoads, 0.00014f * Grid_costs_atleast_to_cities, -0.001f * slope, -2e-06f * Elevation)"
"Rule 82";"BUPERCTOT_2000 <= 0.06786f && ln_PopulationDensity_2000_8dir > 5.391702f && Distance2LargeInlandWater > 1.48364f && Distance2SecundaryRoads <= 0.737301f && Grid_costs_atleast_to_cities > 8f && Grid_costs_atleast_to_towns <= 0f && Elevation > 303f && TRI_mean <= 1.01274f && Earthquakes_MMI_Index <= 5f";"add(-0.2340652f * Intercept, 0.019415f * Distance2MajorRoads, 0.0388f * ln_PopulationDensity_2000_8dir, 0.000598f * Distance2Coastline, 0.00117f * Distance2LargeInlandWater, -0.0008f * Grid_costs_atleast_to_cities, -8.1e-06f * Elevation, 0.0018f * Earthquakes_MMI_Index)"
"Rule 83";"BUPERCTOT_2000 <= 0.06786f && Distance2LargeInlandWater > 1.48364f && Distance2SecundaryRoads <= 0.737301f && Grid_costs_atleast_to_cities <= 8f && Grid_costs_atleast_to_towns <= 0f && Elevation > 303f && TRI_mean <= 1.01274f";"add(0.0420744f * Intercept, 0.004029f * Distance2MajorRoads, -0.002041f * Distance2SecundaryRoads, 0.00491f * Grid_costs_atleast_to_cities, 0.000587f * Distance2Coastline, 0.73f * BUPERCTOT_2000, -3.5e-05f * Elevation, 0.00017f * Distance2LargeInlandWater, -0.004f * TRI_mean, -0.0002f * slope)"
"Rule 84";"BUPERCTOT_2000 > 0.0132f && ln_PopulationDensity_2000_8dir > 5.885134f && Distance2Coastline > 247.027f && Distance2MajorRoads <= 1.89483f && Grid_costs_atleast_to_cities <= 27f && Grid_costs_atleast_to_towns > 0f && Elevation > 477f && Elevation <= 1337f && TRI_mean <= 1.03958f && IsFloodProneArea_RP100 <= 0f";"add(0.0675539f * Intercept, 0.006121f * Distance2MajorRoads, 0.00805f * Grid_costs_atleast_to_villages, -0.00319f * Grid_costs_atleast_to_towns, 0.9f * BUPERCTOT_2000, -3.94e-05f * Elevation, 0.0044f * Earthquakes_MMI_Index, -0.0046f * slope, -5e-05f * Grid_costs_atleast_to_cities, 0.0006f * ln_PopulationDensity_2000_8dir)"
"Rule 85";"BUPERCTOT_2000 > 0.119448f && BUPERCTOT_2000 <= 0.225534f && ln_PopulationDensity_2000_8dir > 5.391702f && slope > 0.09292f && IsFloodProneArea_RP100 > 0f";"add(0.0399948f * Intercept, 0.95f * BUPERCTOT_2000, -0.0026f * ln_PopulationDensity_2000_8dir, 0.00024f * Grid_costs_atleast_to_villages, -0.0008f * slope, -1.1e-05f * Distance2Coastline)"
"Rule 86";"BUPERCTOT_2000 > 0.0132f && ln_PopulationDensity_2000_8dir > 5.391702f && Distance2Coastline > 65.6127f && Distance2SecundaryRoads <= 0.971899f && Grid_costs_atleast_to_cities > 27f && Grid_costs_atleast_to_towns <= 43f && Elevation <= 36f && Earthquakes_MMI_Index > 5f";"add(-0.0473192f * Intercept, 0.026427f * Distance2MajorRoads, 0.0009182f * Elevation, 1.21f * BUPERCTOT_2000, 0.00111f * Grid_costs_atleast_to_cities)"
"Rule 87";"BUPERCTOT_2000 > 0.119448f && BUPERCTOT_2000 <= 0.225534f && ln_PopulationDensity_2000_8dir > 5.391702f && ln_PopulationDensity_2000_8dir <= 7.969106f && Elevation <= 361f && slope > 0.09292f && IsFloodProneArea_RP100 <= 0f && Earthquakes_MMI_Index <= 0f";"add(0.0908259f * Intercept, 0.89f * BUPERCTOT_2000, -0.04f * TRI_mean, -0.0021f * ln_PopulationDensity_2000_8dir, 4.6e-06f * Elevation, -9e-05f * Grid_costs_atleast_to_towns, 0.0001f * Distance2LargeInlandWater, -0.001f * slope, 2e-05f * Grid_costs_atleast_to_cities)"
"Rule 88";"BUPERCTOT_2000 > 0.119448f && BUPERCTOT_2000 <= 0.225534f && ln_PopulationDensity_2000_8dir > 5.391702f && Distance2Coastline > 3.70738f && Elevation <= 361f && slope <= 0.09292f && Earthquakes_MMI_Index <= 0f";"add(0.046434f * Intercept, 0.002176f * Distance2MajorRoads, -0.0344f * slope, 0.86f * BUPERCTOT_2000, 0.00027f * Distance2LargeInlandWater, -3.2e-05f * Distance2Coastline, -3.2e-06f * Elevation, 4e-05f * Grid_costs_atleast_to_cities, 6e-05f * Grid_costs_atleast_to_villages)"
"Rule 89";"BUPERCTOT_2000 > 0.119448f && BUPERCTOT_2000 <= 0.225534f && ln_PopulationDensity_2000_8dir > 7.969106f && Elevation <= 361f && Earthquakes_MMI_Index <= 0f";"add(0.0701044f * Intercept, 0.007463f * Distance2MajorRoads, 0.92f * BUPERCTOT_2000, 0.000339f * Distance2SecundaryRoads, 4.04e-05f * Elevation, -0.0055f * ln_PopulationDensity_2000_8dir, -6e-05f * Distance2Coastline, 0.00022f * Distance2LargeInlandWater, -0.009f * IsFloodProneArea_RP100)"
"Rule 9";"BUPERCTOT_2000 <= 0.006583f && ln_PopulationDensity_2000_8dir > 4.184257f && Distance2Coastline > 189.768f && Distance2SecundaryRoads <= 2.04813f && Grid_costs_atleast_to_cities > 13f && Elevation <= 1080f";"add(-0.0023317f * Intercept, 1.33f * BUPERCTOT_2000, 0.0004f * ln_PopulationDensity_2000_8dir, 8e-07f * Elevation)"
"Rule 90";"BUPERCTOT_2000 > 0.119448f && BUPERCTOT_2000 <= 0.267074f && ln_PopulationDensity_2000_8dir > 5.391702f && LandSlideProne_ARUP > 0f";"add(0.0581614f * Intercept, 0.94f * BUPERCTOT_2000, -9.3e-05f * Distance2SecundaryRoads, 0.00026f * Distance2LargeInlandWater, -0.031f * TRI_mean, 6.2e-05f * Distance2Coastline, -7.1e-06f * Elevation, 0.0014f * ln_PopulationDensity_2000_8dir, 0.0001f * Grid_costs_atleast_to_towns, -0.002f * LandSlideProne_ARUP)"
"Rule 91";"BUPERCTOT_2000 > 0.119448f && BUPERCTOT_2000 <= 0.257022f && ln_PopulationDensity_2000_8dir > 5.391702f && ln_PopulationDensity_2000_8dir <= 8.050878f && Distance2Coastline <= 240.845f && Elevation <= 361f && Earthquakes_MMI_Index > 0f";"add(0.0258536f * Intercept, 0.001033f * Distance2MajorRoads, 0.89f * BUPERCTOT_2000, 4.18e-05f * Elevation, 0.0024f * ln_PopulationDensity_2000_8dir, 0.00021f * Distance2LargeInlandWater, 4.6e-05f * Distance2Coastline, -0.0017f * slope, -0.007f * LandSlideProne_ARUP, -6e-05f * Grid_costs_atleast_to_cities, -0.007f * IsFloodProneArea_RP100, -0.0005f * Earthquakes_MMI_Index)"
"Rule 92";"BUPERCTOT_2000 > 0.119448f && Grid_costs_atleast_to_cities > 12f && Elevation > 361f";"add(0.0684493f * Intercept, 0.89f * BUPERCTOT_2000, -0.041f * TRI_mean, 0.0033f * ln_PopulationDensity_2000_8dir, -4.7e-05f * Distance2SecundaryRoads, -8e-05f * Grid_costs_atleast_to_towns, -7e-05f * Grid_costs_atleast_to_cities, 0.00012f * Grid_costs_atleast_to_villages, -0.007f * IsFloodProneArea_RP100, 8e-05f * Distance2LargeInlandWater, -0.004f * LandSlideProne_ARUP, 2e-06f * Elevation, 0.0004f * Earthquakes_MMI_Index, -0.0004f * slope)"
"Rule 93";"BUPERCTOT_2000 > 0.119448f && Distance2Coastline > 240.845f && Elevation <= 361f && Earthquakes_MMI_Index > 0f";"add(0.0355457f * Intercept, 0.002646f * Distance2MajorRoads, 0.88f * BUPERCTOT_2000, 0.0048f * Earthquakes_MMI_Index, 1.37e-05f * Elevation, -0.0033f * ln_PopulationDensity_2000_8dir, -0.00018f * Grid_costs_atleast_to_towns, 0.00021f * Distance2LargeInlandWater, -3e-05f * Grid_costs_atleast_to_cities)"
"Rule 94";"BUPERCTOT_2000 > 0.119448f && ln_PopulationDensity_2000_8dir > 5.391702f && ln_PopulationDensity_2000_8dir <= 7.969106f && Distance2Coastline <= 3.70738f";"add(0.0372352f * Intercept, 0.002959f * Distance2Coastline, 0.93f * BUPERCTOT_2000, -0.0025f * ln_PopulationDensity_2000_8dir, 9e-05f * Grid_costs_atleast_to_cities, 3.4e-05f * Distance2MajorRoads, -0.006f * IsFloodProneArea_RP100)"
"Rule 95";"BUPERCTOT_2000 > 0.119448f && BUPERCTOT_2000 <= 0.267074f && ln_PopulationDensity_2000_8dir > 5.391702f && ln_PopulationDensity_2000_8dir <= 7.746466f && Grid_costs_atleast_to_cities <= 12f && Elevation > 361f && LandSlideProne_ARUP <= 0f";"add(0.0362691f * Intercept, -0.000661f * Distance2SecundaryRoads, 0.8f * BUPERCTOT_2000, 0.0055f * ln_PopulationDensity_2000_8dir, 0.00017f * Distance2LargeInlandWater, 0.0012f * Earthquakes_MMI_Index, -3.9e-06f * Elevation, 4e-05f * Grid_costs_atleast_to_towns, -0.004f * TRI_mean)"
"Rule 96";"BUPERCTOT_2000 > 0.119448f && BUPERCTOT_2000 <= 0.257022f && ln_PopulationDensity_2000_8dir > 8.050878f && Distance2Coastline <= 240.845f && Elevation <= 361f && Earthquakes_MMI_Index > 0f";"add(0.1302027f * Intercept, 0.000688f * Distance2Coastline, -0.0131f * Earthquakes_MMI_Index, 0.8f * BUPERCTOT_2000, 0.00042f * Distance2LargeInlandWater, 0.0017f * slope)"
"Rule 97";"BUPERCTOT_2000 > 0.119448f && BUPERCTOT_2000 <= 0.267074f && ln_PopulationDensity_2000_8dir > 7.746466f && Elevation > 361f && LandSlideProne_ARUP <= 0f";"add(0.0093343f * Intercept, -0.008805f * Distance2MajorRoads, 0.0135f * ln_PopulationDensity_2000_8dir, 0.74f * BUPERCTOT_2000, -0.0042f * Earthquakes_MMI_Index, -5.6e-05f * Distance2SecundaryRoads, 0.00015f * Distance2LargeInlandWater)"
"Rule 98";"BUPERCTOT_2000 > 0.225534f && Earthquakes_MMI_Index <= 0f";"add(0.0393176f * Intercept, 0.001612f * Distance2MajorRoads, 0.94f * BUPERCTOT_2000, 8.3e-05f * Distance2SecundaryRoads, 0.00019f * Grid_costs_atleast_to_towns, -0.0021f * ln_PopulationDensity_2000_8dir, 6.2e-06f * Elevation, 8e-05f * Distance2LargeInlandWater, -1.3e-05f * Distance2Coastline, 0.0005f * slope)"
"Rule 99";"BUPERCTOT_2000 > 0.257022f && Elevation <= 361f && Earthquakes_MMI_Index > 0f";"add(0.006493f * Intercept, 0.002738f * Distance2MajorRoads, 0.93f * BUPERCTOT_2000, 2.13e-05f * Elevation, 0.044f * TRI_mean, -0.0024f * Earthquakes_MMI_Index, 3.1e-05f * Distance2SecundaryRoads, 0.00011f * Distance2LargeInlandWater, -0.0011f * ln_PopulationDensity_2000_8dir, -4e-05f * Grid_costs_atleast_to_towns, -9e-06f * Distance2Coastline)"
